Date,Log Return,Squared Return
2006-01-08,1.303720322852154,1.0096526625152347
2006-01-15,0.167896181230695,0.6659177544528501
2006-01-22,-2.049422116771209,4.014040399275611
2006-01-29,1.7468535874418585,1.239266727868518
2006-02-05,-1.5457037332098893,1.3234810984238354
2006-02-12,0.23389481427051934,1.4969351348172486
2006-02-19,1.5856382888425642,1.7862489465783011
2006-02-26,0.169991808543581,0.8268794212033281
2006-03-05,-0.17076942613007434,1.9503300500057188
2006-03-12,-0.4523735328813818,1.3223007713167036
2006-03-19,1.9956821762063912,1.348809778599511
2006-03-26,-0.32948071401322826,0.8284008135515563
2006-04-02,-0.6220586704767533,1.194653292207426
2006-04-09,0.048642077882447454,1.7435597965265388
2006-04-16,-0.4936909760988726,0.6334511085841416
2006-04-23,1.7043970482124533,3.008848521088192
2006-04-30,-0.05111152307347856,0.4894015624206238
2006-05-07,1.149322076252945,1.8463064880201323
2006-05-14,-2.638289784790517,2.9752255415234847
2006-05-21,-1.8927387264411268,3.6055523630787953
2006-05-28,1.0309494658578418,1.972433714331161
2006-06-04,0.6276300988289426,4.73737463356641
2006-06-11,-2.8279498228903113,3.8333094512999164
2006-06-18,-0.06070753421050795,7.4925429560700945
2006-06-25,-0.5640981410991324,2.065582960733244
2006-07-02,2.044048711993827,5.964442199042793
2006-07-09,-0.3722848531186074,1.6637976897561466
2006-07-16,-2.3409362669790887,3.320711247849337
2006-07-23,0.33031359913148384,4.665266862153215
2006-07-30,3.038140676891629,4.744811762260399
2006-08-06,0.06332799353247182,0.5394578701092979
2006-08-13,-0.9913278024047463,0.7552577021906656
2006-08-20,2.768530606930143,2.609099831389286
2006-08-27,-0.5551805070907762,0.4094843884521667
2006-09-03,1.2217675552095804,0.6258202538735735
2006-09-10,-0.9264656177556945,1.3915889545238942
2006-09-17,1.584096977383275,1.2968064278884854
2006-09-24,-0.3704780026794424,0.7644777442344228
2006-10-01,1.5898401549991201,1.4131491273023098
2006-10-08,1.0233042207404752,1.7184781924767871
2006-10-15,1.180771709901001,1.0574020801205817
2006-10-22,0.21797673051909705,0.2357256062434907
2006-10-29,0.636577633535329,1.4654014993566589
2006-11-05,-0.9512565656335819,0.596995575763131
2006-11-12,1.2093965812423018,1.685957479988249
2006-11-19,1.4593499304843596,0.5866030251516691
2006-11-26,-0.017843442312212576,0.2183179047133152
2006-12-03,-0.3031100000603039,2.9051152339140325
2006-12-10,0.9356755460206481,1.1504297993965564
2006-12-17,1.2161183401293,0.8371727830825131
2006-12-24,-1.1508808739230685,0.5908887406896342
2006-12-31,0.5330432553268613,0.9038149948704026
2007-01-07,-0.6075023977780183,0.4019402673883657
2007-01-14,1.4800808107751184,0.7232372233260538
2007-01-21,-0.016075636758689837,0.18679175933455044
2007-01-28,-0.5833090092734996,2.4208619531713533
2007-02-04,1.8261661413703867,1.088877005228368
2007-02-11,-0.7157581038069055,0.5520159556585525
2007-02-18,1.2081968837070058,1.277823171574787
2007-02-25,-0.29931234983042343,0.23523646127887987
2007-03-04,-4.51181369371511,14.197004611659656
2007-03-11,1.1232996719950368,3.8270872312621993
2007-03-18,-1.1391672461653695,5.033488843651954
2007-03-25,3.483100271266393,4.454373138161929
2007-04-01,-1.0675747379211962,1.1869635011473714
2007-04-08,1.598851665063688,1.0256602860635364
2007-04-15,0.6276299333040547,1.0106735815143173
2007-04-22,2.144982177816211,2.038215859492274
2007-04-29,0.6526954200463413,1.0783955714016837
2007-05-06,0.7700866511800186,1.3367818140065144
2007-05-13,0.015273635230264704,3.078751832829825
2007-05-20,1.116040412376062,1.2295819762134765
2007-05-27,-0.46207525255698867,1.2888202009338845
2007-06-03,1.350578394056466,0.7967282532014972
2007-06-10,-1.8837500254513113,5.534645508725815
2007-06-17,1.6602470153715068,4.087695361651528
2007-06-24,-1.999755297854157,3.98436929819795
2007-07-01,0.05255759496384971,1.0392207989576445
2007-07-08,1.785930245468962,1.36969755176974
2007-07-15,1.4311297351056307,6.033966680496521
2007-07-22,-1.1922660871163817,1.7905414025831723
2007-07-29,-5.022690851688529,12.629446536001208
2007-08-05,-1.7904906378416152,10.631357872107863
2007-08-12,1.4258706625882471,17.085023739473655
2007-08-19,-0.5311177108113467,11.316774028817457
2007-08-26,2.285672959733496,2.695422888645108
2007-09-02,-0.3643315315819171,12.493472055483121
2007-09-09,-1.396412911605281,5.510688471174241
2007-09-16,2.090072042638377,2.553000190970473
2007-09-23,2.757649827381942,9.586672375047469
2007-09-30,0.06552006786398423,0.8139285103393712
2007-10-07,1.9998439856640733,2.9016109763570292
2007-10-14,0.2699300532695349,1.275821113185557
2007-10-21,-3.9954010323749074,7.913644057800401
2007-10-28,2.282777072359145,2.8562668202492136
2007-11-04,-1.6834941857929926,9.156338922031212
2007-11-11,-3.776585519107373,12.641511006366576
2007-11-18,0.3461045855054864,11.776342118271716
2007-11-25,-1.244397002299226,8.68614830214524
2007-12-02,2.768299873702949,16.255877089970113
2007-12-09,1.5754910342763473,5.311269602609926
2007-12-16,-2.4700145369170174,9.405985899066971
2007-12-23,1.1184207041041287,5.673236501224266
2007-12-30,-0.402975337439026,2.7456204572433065
2008-01-06,-4.6276221539026485,8.766878862217927
2008-01-13,-0.7544511820392827,7.866200514450731
2008-01-20,-5.564475554221343,16.941212987278462
2008-01-27,0.4081671526193671,9.30580156057127
2008-02-03,4.755800402543701,7.877456756334529
2008-02-10,-4.704705040622108,13.06089716105642
2008-02-17,1.3948751467250466,4.527582530193497
2008-02-24,0.23084580895261508,2.9914128608295782
2008-03-02,-1.6753117910384154,10.71478241923554
2008-03-09,-2.8401306655383243,6.063438066084799
2008-03-16,-0.4051882506238851,21.208935282709728
2008-03-23,3.161113184343669,29.70554783480484
2008-03-30,-1.0806530901060287,5.105881963848202
2008-04-06,4.109875610151276,12.820026049142434
2008-04-13,-2.7798217633767686,5.382474821753708
2008-04-20,4.2236629220114965,8.59539546624561
2008-04-27,0.5387066167455278,1.7225843385031991
2008-05-04,1.1423697285978034,3.3042039248549244
2008-05-11,-1.82862689331731,4.7186123728943965
2008-05-18,2.635178851938174,2.486791321983083
2008-05-25,-3.528747530884746,5.332056600889231
2008-06-01,1.761372668915153,0.9280008778148684
2008-06-08,-2.8759017586137396,15.026046176485579
2008-06-15,-0.047783439366828606,5.306560689668043
2008-06-22,-3.144441521954078,5.057644229244186
2008-06-29,-3.046870947866909,9.441051888941358
2008-07-06,-1.218297216959897,3.5496387589002665
2008-07-13,-1.8710686189176426,10.614450913267648
2008-07-20,1.6951303718998691,9.578492504405734
2008-07-27,-0.23189317039475127,7.610196896807007
2008-08-03,0.20254001124997645,13.651452317404901
2008-08-10,2.8171670658685115,17.790225203875742
2008-08-17,0.14492124062620337,2.5025165367349453
2008-08-24,-0.46324976499458037,4.903847466732415
2008-08-31,-0.7277613705864683,8.775743296663068
2008-09-07,-3.2095943693543836,9.633875059809498
2008-09-14,0.7529991386691053,18.487753305464434
2008-09-21,0.26966922156932327,83.22628129039818
2008-09-28,-3.3880070644072884,21.624651477593336
2008-10-05,-9.87092929922016,131.79268622046922
2008-10-12,-20.08375075993092,115.82869783938173
2008-10-19,4.4937109255780365,227.73458625005875
2008-10-26,-7.022007500412722,85.02837394899798
2008-11-02,9.976185811126404,125.45192776034932
2008-11-09,-3.975805507624257,80.0480680903106
2008-11-16,-6.398086221670033,97.91413242267282
2008-11-23,-8.761839979007398,133.5079247902458
2008-11-30,11.355895976971164,52.73176142894359
2008-12-07,-2.276221857427676,131.03545535042696
2008-12-14,0.4169015230716635,29.92300285533007
2008-12-21,0.9221584214174497,32.3051895914578
2008-12-28,-1.7130183692062708,4.983191945302068
2009-01-04,6.541176574940884,17.625787780205805
2009-01-11,-4.5503569855636545,14.860766468619664
2009-01-18,-4.6237106179759895,17.40676940769599
2009-01-25,-2.1605152712505316,50.189417385384736
2009-02-01,-0.7322867105377604,29.040429618699612
2009-02-08,5.043320156441714,12.715261434625177
2009-02-15,-4.927145358267149,27.05968804882208
2009-02-22,-7.115580645846211,24.533073020907608
2009-03-01,-4.6462454722473865,37.29695053575533
2009-03-08,-7.294189626921959,47.62227203712925
2009-03-15,10.171752780192824,55.69771935341356
2009-03-22,1.5723973718520765,20.086509877412
2009-03-29,5.984824336008954,61.438789521589584
2009-04-05,3.2032836385454773,25.916889621242124
2009-04-12,1.6550702773252328,21.84964094939756
2009-04-19,1.5108942732181347,8.350661261408938
2009-04-26,-0.38828680648761016,27.891738887619397
2009-05-03,1.294932969333184,5.968630143621941
2009-05-10,5.725649583320422,21.638333170151313
2009-05-17,-5.116696863413827,14.54930235087669
2009-05-24,0.46556857501076765,12.135292858641533
2009-05-31,3.5593483880192442,14.56821626743585
2009-06-07,2.2537177738811023,9.81770734422551
2009-06-14,0.6488911024521422,0.6448382048857723
2009-06-21,-2.675484252014054,8.242938971805714
2009-06-28,-0.25323833573340404,14.658387825212587
2009-07-05,-2.476829499421091,10.486206613511918
2009-07-12,-1.947624644192929,4.333394481419717
2009-07-19,6.735126644692391,15.614401085947627
2009-07-26,4.051314027669908,6.818638478132372
2009-08-02,0.8359029263626946,1.7697877550089396
2009-08-09,2.302450151029431,4.594085436876909
2009-08-16,-0.6343760722573013,4.252923252676846
2009-08-23,2.1712763701265505,12.108748513890626
2009-08-30,0.2725030394250857,0.1759083291214009
2009-09-06,-1.225248304383644,8.192433313148218
2009-09-13,2.557525864334924,2.4697157531938063
2009-09-20,2.4226390548729717,2.973203403082087
2009-09-27,-2.264523309233647,2.856530926678098
2009-10-04,-1.8525981031186267,10.291759677021709
2009-10-11,4.415276251017096,4.97673437595987
2009-10-18,1.4996842844076057,4.128174791556249
2009-10-25,-0.7456457359083986,4.681317193284397
2009-11-01,-4.104011138963827,18.456854783327667
2009-11-08,3.1453806286022887,4.176379306935551
2009-11-15,2.2360978766930204,6.480779960185833
2009-11-22,-0.19222982220139206,4.004608016126333
2009-11-29,0.010077132573315106,5.0556993890941975
2009-12-06,1.3188075779565378,2.599000124861533
2009-12-13,0.0388768448154847,1.7314694989409087
2009-12-20,-0.35674800320427724,2.5525671192259423
2009-12-27,2.15446187781826,1.5458943783326506
2010-01-03,-1.0153644193494984,1.0535305629463678
2010-01-10,2.6443087451459975,2.8752265475418852
2010-01-17,-0.7847398356793917,2.8492708140908203
2010-01-24,-3.974867229722099,11.34957044812986
2010-01-31,-1.6522140509639613,3.013857502645964
2010-02-07,-0.7177450079946386,14.061250202282846
2010-02-14,0.870348546036491,3.5247447963006824
2010-02-21,3.0817050730358275,3.840193198579206
2010-02-28,-0.42283463689363476,2.4925470546730177
2010-03-07,3.0503536829065765,3.1516169191655092
2010-03-14,0.986602023942179,0.39654049399184227
2010-03-21,0.8580577360857694,1.2005763017853937
2010-03-28,0.5751118529351663,1.1068277251842222
2010-04-04,0.9818016463219996,0.9742494254658691
2010-04-11,1.371589507886149,1.5565586403909968
2010-04-18,-0.1877218430484695,3.915679194626323
2010-04-25,2.0877258367207654,1.4130618986155998
2010-05-02,-2.5451016014190575,10.670312972847828
2010-05-09,-6.601537112980733,21.15340836396434
2010-05-16,2.207913935179878,25.592977073050648
2010-05-23,-4.3175510276066795,20.350167944957906
2010-05-30,0.15801691705844245,14.02545919161388
2010-06-06,-2.2774175322644763,21.933415246744794
2010-06-13,2.4782366144709753,12.05040722665437
2010-06-20,2.3458517263492613,5.462306966771085
2010-06-27,-3.7146463564862895,5.816813790705557
2010-07-04,-5.162767898974426,11.3260416278378
2010-07-11,5.274146761400889,11.19586309463491
2010-07-18,-1.2208208467604051,10.900607763363817
2010-07-25,3.4863352181385596,8.93604100597862
2010-08-01,-0.09618272533877995,1.907730437935602
2010-08-08,1.8028266790252356,5.494156873210271
2010-08-15,-3.8525557606744085,9.280765233976844
2010-08-22,-0.7029568403818036,4.542760587096953
2010-08-29,-0.6647070642515727,5.710218262732672
2010-09-05,3.6812090142052627,13.197338303055686
2010-09-12,0.455276517782189,2.2108137128423095
2010-09-19,1.4352740534892299,1.3634578988640937
2010-09-26,2.029747734435891,7.677142150606196
2010-10-03,-0.21177776757903988,0.9138716204736053
2010-10-10,1.6362843117337307,5.317913570149745
2010-10-17,0.9430496187768134,0.8230936290224804
2010-10-24,0.584081901241963,4.266806969572672
2010-10-31,0.015217907307123836,0.13315583258046654
2010-11-07,3.5361111688908395,4.542274781178714
2010-11-14,-2.1971486919407006,2.48117518080399
2010-11-21,0.04335411074027107,5.0717687377854
2010-11-28,-0.8647516381227981,4.85087797581316
2010-12-05,2.9255050564701186,6.653569073833318
2010-12-12,1.2729878545142015,0.6612013924954669
2010-12-19,0.2825743983970113,0.6592575871871353
2010-12-26,1.0285281158267523,0.5671284618703106
2011-01-02,0.06920073815164397,0.04301565877605855
2011-01-09,1.096034542971571,1.6119085289610655
2011-01-16,1.6953383983280257,1.5319673974729962
2011-01-23,-0.767686232677579,1.1275342938019
2011-01-30,-0.547724720668906,3.8119778443948813
2011-02-06,2.6694454864231836,3.5361887955142604
2011-02-13,1.3848623353376706,0.9464569880659651
2011-02-20,1.037371225374565,0.6821311054074106
2011-02-27,-1.7372543726881338,5.789647357732228
2011-03-06,0.09617608395644406,6.313608925635656
2011-03-13,-1.2851401070825479,5.636605836518614
2011-03-20,-1.9408517486571504,7.469159731243742
2011-03-27,2.668106928531135,3.38776593216042
2011-04-03,1.4065619573626238,1.2931717719250955
2011-04-10,-0.3187270218724969,0.23323565714909253
2011-04-17,-0.6412764330386944,0.8416734411430996
2011-04-24,1.3323156121519526,3.633169109970223
2011-05-01,1.9423104253381331,1.3915043622338783
2011-05-08,-1.7316763917748286,1.5940577989491993
2011-05-15,-0.1814756949548637,2.995341799734257
2011-05-22,-0.3369477201169172,1.8000080183437532
2011-05-29,-0.16289362431854165,1.8687165895498634
2011-06-05,-2.3518289623511546,7.3942905011311995
2011-06-12,-2.2699119030852364,3.8779167694595835
2011-06-19,0.04090648048330742,4.790893849729287
2011-06-26,-0.2401661727837776,3.9600926455721623
2011-07-03,5.462770362788596,6.230973927325355
2011-07-10,0.3078110059683511,1.597378290422585
2011-07-17,-2.0798236486340715,4.387398598918711
2011-07-24,2.1705675999453358,5.106545211614694
2011-07-31,-4.000077453554268,5.222933169430561
2011-08-07,-7.460336213715123,31.139067346884445
2011-08-14,-1.7299255925663983,110.1485485672701
2011-08-21,-4.802996412234525,28.708560714548184
2011-08-28,4.632339116519924,17.777134660973392
2011-09-04,-0.24077893360523728,16.056574691072626
2011-09-11,-1.6957704396727125,16.9995838419413
2011-09-18,5.214157716064821,6.326731099887115
2011-09-25,-6.768319815771198,20.763793001894342
2011-10-02,-0.4418297241938389,17.872775564118157
2011-10-09,2.102497945173834,20.374455721273385
2011-10-16,5.8099392901521085,15.270566323063036
2011-10-23,1.1101200307354002,13.210817621280757
2011-10-30,3.712963572175264,18.204206060630895
2011-11-06,-2.51045252664342,20.717671299588392
2011-11-13,0.8438395537898957,20.19147063546714
2011-11-20,-3.8883665230388185,6.831444397577337
2011-11-27,-4.800609972080134,8.780220116379866
2011-12-04,7.128423939305462,26.37303598363649
2011-12-11,0.8729835944605138,8.469522556822662
2011-12-18,-2.871474946223965,4.529561115926307
2011-12-25,3.6760763590176024,11.554753285961135
2012-01-01,-0.6127799714247213,2.8959318912989946
2012-01-08,1.594259768156992,2.5091875665197882
2012-01-15,0.8788795611000997,1.1351071906748589
2012-01-22,2.0189084408926052,1.5932641778134384
2012-01-29,0.07219269807332782,1.1179440105504612
2012-02-05,2.1472151038617424,2.96529977339487
2012-02-12,-0.1681843072473448,0.5884159897033783
2012-02-19,1.3750852502571962,2.016910469725156
2012-02-26,0.3307710701664876,0.3267566085877522
2012-03-04,0.2844234803915418,0.8386391017544069
2012-03-11,0.09049372880826045,4.108416515822024
2012-03-18,2.4000840966886896,3.609960380472668
2012-03-25,-0.5040605343435123,0.9021310648328285
2012-04-01,0.8098181204786926,2.3888634019918706
2012-04-08,-0.7404152704118279,1.7743231211417414
2012-04-15,-2.0099325365685026,8.27287179996617
2012-04-22,0.6017225300170167,2.897336189938759
2012-04-29,1.7851615500013762,3.185864739501752
2012-05-06,-2.471577895744113,3.7734291879700814
2012-05-13,-1.1541005011750105,0.8156636264056623
2012-05-20,-4.393202454014821,4.625536070798142
2012-05-27,1.7298273161357312,2.627884298289356
2012-06-03,-3.0651130500373593,9.576337321632387
2012-06-10,3.6582789477217315,6.17225412996925
2012-06-17,1.287627431675113,5.666306931427244
2012-06-24,-0.5840461085095122,6.582960631733184
2012-07-01,2.0125412579188136,9.71707524904034
2012-07-08,-0.5506396494772088,1.5652496066240054
2012-07-15,0.15489632460147984,3.6199730286401355
2012-07-22,0.4324429962718568,2.138279940160943
2012-07-29,1.696153743715207,7.890529632888159
2012-08-05,0.3615482448590175,4.398625247305671
2012-08-12,1.0640607936381592,0.36694372478665693
2012-08-19,0.8703956066217309,0.5644285443449367
2012-08-26,-0.4969475499100957,1.1941460083825741
2012-09-02,-0.3229610461047463,0.8862324865476973
2012-09-09,2.2036460624973038,4.280724244435024
2012-09-16,1.9183059496049382,3.2954165615605335
2012-09-23,-0.38415280965469795,0.131363109764001
2012-09-30,-1.3430873228220748,2.6190709189483306
2012-10-07,1.3964942335916366,0.720701095220668
2012-10-14,-2.2385336068083976,1.5819000593432233
2012-10-21,0.3214768218861306,4.712240615173522
2012-10-28,-1.4938084396024678,2.3090069980911045
2012-11-04,0.1599361909373992,2.069270699299956
2012-11-11,-2.4589185745107556,7.950843625944137
2012-11-18,-1.457831576436539,2.3639079797180087
2012-11-25,3.5590238905315172,5.6011686879955604
2012-12-02,0.4976440706521096,1.1100277895476065
2012-12-09,0.1333610555332571,0.4746516779182609
2012-12-16,-0.3171291757274301,1.0031110794572848
2012-12-23,1.1653888385189197,4.464826191143057
2012-12-30,-1.9572866352420009,1.5395023525067857
2013-01-06,4.465164778403957,9.394675405785808
2013-01-13,0.3797887913059166,0.8465397956835459
2013-01-20,0.9418453819846467,0.4538497842462376
2013-01-27,1.1361996875417124,0.5128336068915649
2013-02-03,0.6770346100278887,1.512703521146924
2013-02-10,0.3140782900728454,2.774783863942959
2013-02-17,0.1224593133796573,0.0482904434391667
2013-02-24,-0.27608090675355057,3.254916346525492
2013-03-03,0.1714006384882053,5.446311742789225
2013-03-10,2.1490575806425682,1.3626161506627485
2013-03-17,0.6118441035225696,0.5187853341718196
2013-03-24,-0.24441561987875204,2.0124697188095553
2013-03-31,0.7869274237314234,0.8806910482319966
2013-04-07,-1.0190682341514288,1.93972168093894
2013-04-14,2.264162576242462,2.1942138788342787
2013-04-21,-2.137416432677397,10.726977649346281
2013-04-28,1.720525395452662,1.4868294060975231
2013-05-05,2.0134227896916026,3.423854025075923
2013-05-12,1.1871564897829923,0.8014870248415987
2013-05-19,2.0460138909382537,2.5808599980679032
2013-05-26,-1.0774670591078421,0.8136471822956731
2013-06-02,-1.1498925941549392,3.110678652843154
2013-06-09,0.7721205981390258,4.921342661563163
2013-06-16,-1.0183246661607739,4.25133355705569
2013-06-23,-2.131066767575675,9.602601142808947
2013-06-30,0.8659779585694181,3.864454541969547
2013-07-07,1.5817896517140324,1.3304248169837827
2013-07-14,2.9167986099309706,2.7011547767873565
2013-07-21,0.7057583673899681,0.5115976327900187
2013-07-28,-0.026003263252997774,0.2934618942121026
2013-08-04,1.0595996712331561,1.7217140212749786
2013-08-11,-1.0731956337439763,0.7750316912050008
2013-08-18,-2.126607165255458,2.5382492138529766
2013-08-25,0.4621449327497606,1.723398611803681
2013-09-01,-1.852339169381246,2.9391888921272207
2013-09-08,1.3503324354769473,0.8408786159879914
2013-09-15,1.9634717062892661,1.8053931269570471
2013-09-22,1.2902291339459806,2.523173448087373
2013-09-29,-1.0677261409506225,0.6543778045399562
2013-10-06,-0.07391529643941541,2.3124470919479387
2013-10-13,0.7484462762866454,7.329259382322363
2013-10-20,2.3959175716021908,3.431598854490628
2013-10-27,0.8715148146325389,0.8497800844236741
2013-11-03,0.10620718830330905,0.7986990370617573
2013-11-10,0.5078910034714826,3.927267920986676
2013-11-17,1.545096043418405,1.121993237405095
2013-11-24,0.3652552223518406,1.2121048046632903
2013-12-01,0.05816526686083916,0.0839860095287214
2013-12-08,-0.039884393260106066,1.6314037693833607
2013-12-15,-1.6629774987975279,1.5725576347260386
2013-12-22,2.393231021449597,3.4539322106911103
2013-12-29,1.26131968010367,0.5913654715539621
2014-01-05,-0.5461847149692929,0.9499536268275759
2014-01-12,0.5988465652149998,0.48563891993042435
2014-01-19,-0.19940100106186032,3.1954956258328533
2014-01-26,-2.6681133899325937,5.327945317712602
2014-02-02,-0.4310295981435407,3.3427721216774833
2014-02-09,0.8062404527610898,9.229784299534879
2014-02-16,2.28909834641131,1.8014056196276833
2014-02-23,-0.12952832268842843,0.8403767132329714
2014-03-02,1.2555270307436062,0.7194146534678202
2014-03-09,0.9947981799995241,2.8767982817753417
2014-03-16,-1.984918440655412,1.7278782501176886
2014-03-23,1.3696228814690639,2.260136051734404
2014-03-30,-0.47796491659844337,1.1748975870515652
2014-04-06,0.40131951225239315,2.8006904790167395
2014-04-13,-2.6843762487291567,7.8507446452529095
2014-04-20,2.6715079324304103,2.2305080178041674
2014-04-27,-0.0777818678992458,1.048140433160809
2014-05-04,0.9475194695633927,0.4376225546580579
2014-05-11,-0.14150550465255463,1.2058151920827667
2014-05-18,-0.033010596935273806,2.1750475593566643
2014-05-25,1.1999987241506442,1.4611081554611218
2014-06-01,1.2049996561932943,0.6892776265188882
2014-06-08,1.3359315168568728,0.6786538357757816
2014-06-15,-0.683547406689819,0.7390178322252248
2014-06-22,1.370103772724646,0.6915157360791669
2014-06-29,-0.09735561183545913,0.7060339285607271
2014-07-06,1.2406393202616752,0.7473033521388364
2014-07-13,-0.9041271009171596,1.0625918571855097
2014-07-20,0.5398184140693036,2.9067937346179886
2014-07-27,0.0060656286849939955,0.573718423295025
2014-08-03,-2.7254192487279427,4.369968543868875
2014-08-10,0.3339580789909087,3.085427478077392
2014-08-17,1.2077433220323144,0.7377068361103492
2014-08-24,1.6909394042849522,1.1583423334843022
2014-08-31,0.7500452586205719,0.3776892181563769
2014-09-07,0.21639895297420753,0.2849478566030297
2014-09-14,-1.1103812513916824,1.0238021151771903
2014-09-21,1.244278227247191,0.818157402900262
2014-09-28,-1.3798527992359282,4.9780306172442765
2014-10-05,-0.7568194661712537,3.1545498348502026
2014-10-12,-3.1891985602993533,11.029570949283952
2014-10-19,-1.0213933670145179,5.082740334476252
2014-10-26,4.041738218473569,7.112286140936485
2014-11-02,2.6853263178451745,3.196402834983362
2014-11-09,0.6849457662849049,0.5467929442161804
2014-11-16,0.3880361847875346,0.1102051946624837
2014-11-23,1.1542027872669258,0.6016413897350438
2014-11-30,0.19656261799132874,0.23835195892757033
2014-12-07,0.37703111151759316,1.0570336160315121
2014-12-14,-3.5828026978635865,6.125776732958226
2014-12-21,3.355103995932091,11.03078412689082
2014-12-28,0.8712864850678017,0.2844551207828584
2015-01-04,-1.474359464080058,1.3229388916266804
2015-01-11,-0.6526886398334232,9.393806068235568
2015-01-18,-1.2494541065562705,3.708375264211341
2015-01-25,1.591687424691814,2.846578921467294
2015-02-01,-2.808820457631125,6.339260143679185
2015-02-08,2.9865485104246368,5.053027471394748
2015-02-15,1.9998460527117858,2.395425016350106
2015-02-22,0.6327162079906556,0.4108190168506174
2015-03-01,-0.2752231385643374,0.19216221441697856
2015-03-08,-1.59207867642701,2.8253690625573697
2015-03-15,-0.8660214139809993,5.057708015020138
2015-03-22,2.629020588401212,4.421836228250994
2015-03-29,-2.258609884351382,2.673303265814044
2015-04-05,0.2877894531485268,2.5417669730695787
2015-04-12,1.6838934269007704,1.0153704870510554
2015-04-19,-0.9982836464490163,1.8011768630373415
2015-04-26,1.739083660246092,1.230629071782981
2015-05-03,-0.4448633400754316,2.6057716088040603
2015-05-10,0.36976071051375126,3.6326098004336504
2015-05-17,0.3128168903525536,1.5039800761811204
2015-05-24,0.15675421831956488,0.20996939910676193
2015-05-31,-0.8820365079976965,2.3179111561541057
2015-06-07,-0.6932909644277765,0.8680200132729112
2015-06-14,0.061143903663706034,2.3794209897174854
2015-06-21,0.7554510105114511,1.8294817513440476
2015-06-28,-0.4036591213088547,1.0081832413230902
2015-07-05,-1.1827980911053613,4.995810925135411
2015-07-12,-0.007700298734248712,4.8921611573058845
2015-07-19,2.380159051204452,2.063455356632985
2015-07-26,-2.2343655546952412,1.7274966846534499
2015-08-02,1.1564724767179517,2.4343004499425267
2015-08-09,-1.2565313705246595,0.9123201723873798
2015-08-16,0.6701680996035444,2.719649960514385
2015-08-23,-5.941543061185159,16.052038626474104
2015-08-30,0.9081410991922725,38.452502675168645
2015-09-06,-3.4606250138054757,15.409930383271309
2015-09-13,2.051968331787572,8.573482031468735
2015-09-20,-0.15411882731791882,5.266212114125479
2015-09-27,-1.3724835887826554,1.9015631857938418
2015-10-04,1.031251304848041,12.4055647544395
2015-10-11,3.203805273698546,4.830889566245338
2015-10-18,0.9002022600318729,3.0904622467730585
2015-10-25,2.0466759958481955,4.285176810568053
2015-11-01,0.20268125528694714,1.7220066364111732
2015-11-08,0.9496090787712977,1.60772028785122
2015-11-15,-3.6954946593409925,4.35706969598392
2015-11-22,3.2165470604330246,4.934278715315814
2015-11-29,0.04499270477903883,0.0338706788915803
2015-12-06,0.0755576087373,8.791783098467342
2015-12-13,-3.8659194128905665,5.417104861829468
2015-12-20,-0.3394767822229354,8.93881669401576
2015-12-27,2.7268083442415656,2.919659535012645
2016-01-03,-0.8307156108529464,2.584507931506634
2016-01-10,-6.149735462626468,11.102531183264102
2016-01-17,-2.1934664428089894,14.513082690847538
2016-01-24,1.4031629679691988,5.687339467428789
2016-01-31,1.733277206916597,11.93627888138554
2016-02-07,-3.1513273526027623,7.333011981951639
2016-02-14,-0.8155298822788755,7.305337600415939
2016-02-21,2.8025182961589703,5.57428229777428
2016-02-28,1.5660614963805735,5.134743418735886
2016-03-06,2.6313278357407577,6.626881637854361
2016-03-13,1.1038877913646128,4.18450420656452
2016-03-20,1.3453878650472493,0.9869833169985569
2016-03-27,-0.667733230252389,0.429272468900491
2016-04-03,1.793311564285503,1.401912008241438
2016-04-10,-1.2222351891024352,3.7645146008741635
2016-04-17,1.6050420614330392,2.0079093056308044
2016-04-24,0.5201014288147731,0.7969211823583456
2016-05-01,-1.2644280626898072,1.2127158267830136
2016-05-08,-0.39589015358658786,1.8202540475216444
2016-05-15,-0.5131857763938172,3.1931403682257478
2016-05-22,0.27861352239352866,2.3430628292080558
2016-05-29,2.2518759506982717,2.556621288612592
2016-06-05,0.0033263963627543913,0.1875817665892143
2016-06-12,-0.14587218875439656,1.2436272959652312
2016-06-19,-1.1926403959054928,0.934650527588142
2016-06-26,-1.6458381347570565,15.580027517858527
2016-07-03,3.166168750613723,11.143481092417177
2016-07-10,1.2733886751936638,3.056376218901696
2016-07-17,1.4838464036151517,0.8876356703456741
2016-07-24,0.6129022570202609,0.5962462926784337
2016-07-31,-0.06576469602686069,0.15871356734375336
2016-08-07,0.4255754344781516,1.2556796599561435
2016-08-14,0.05403953470556844,0.32150418114656165
2016-08-21,-0.008238778818665221,0.4835439316430375
2016-08-28,-0.6813894599991982,0.36087587745594424
2016-09-04,0.5031002125612135,0.5424937534019536
2016-09-11,-2.4222384171594804,6.3025499481417375
2016-09-18,0.5319878209278553,5.513554202841017
2016-09-25,1.186394954196879,1.9306058052855963
2016-10-02,0.16524865089710283,2.942468899805122
2016-10-09,-0.6723762325701832,0.6458077882107678
2016-10-16,-0.9685807427145602,1.8897119440030488
2016-10-23,0.38276433776731333,0.5367214611140173
2016-10-30,-0.6912626784100161,0.586051879005326
2016-11-06,-1.9579920740689996,1.1168701121688984
2016-11-13,3.7311115374576262,6.244133868429205
2016-11-20,0.802974703817973,0.8554444358176877
2016-11-27,1.4311236944799433,0.758539272016372
2016-12-04,-0.9715712703308899,0.4915591922432734
2016-12-11,3.0365303690182444,2.56019195151875
2016-12-18,-0.06463436146478102,1.283043340199457
2016-12-25,0.25299207043690786,0.28172413493347914
2017-01-01,-1.1086974233945488,0.9715189136503131
2017-01-08,1.6896552101804425,1.1689351298163493
2017-01-15,-0.10282440810406393,0.2864728910784842
2017-01-22,-0.14649675494285563,0.3630543298938316
2017-01-29,1.0240949253856486,1.1526645412693763
2017-02-05,0.11889875772317116,0.8993538307853395
2017-02-12,0.8098058656715641,0.5058996174765709
2017-02-19,1.5024007171105223,0.717293065770975
2017-02-26,0.6858213076555948,0.39933804207359397
2017-03-05,0.6643603632693598,2.269440048745894
2017-03-12,-0.442416131109466,0.3580644244601452
2017-03-19,0.23784816995499422,0.8552467363559649
2017-03-26,-1.4514592181788308,1.6534110644616429
2017-04-02,0.7963154421046686,0.6810874279230977
2017-04-09,-0.30434682140839614,0.167752133264592
2017-04-16,-1.1352515864966133,0.6348064189534076
2017-04-23,0.8440199704263937,1.5088413373055496
2017-04-30,1.500591685298482,1.5732634952790934
2017-05-07,0.6309258712225875,0.23014195043389496
2017-05-14,-0.3503053282336742,0.09207336630033341
2017-05-21,-0.38427170696692037,4.187686410604123
2017-05-28,1.4211696100245734,0.5578217036388846
2017-06-04,0.9578044853408096,0.7225176013216519
2017-06-11,-0.2997451840807694,0.12445509475819248
2017-06-18,0.05672787514137446,0.2732129951043181
2017-06-25,0.21144211496617465,1.1722632067063685
2017-07-02,-0.6125492222657276,2.1965310748779032
2017-07-09,0.07301172781859,1.367799438570923
2017-07-16,1.3958845628734124,0.7970508348105094
2017-07-23,0.5381412259641646,0.2922994500597857
2017-07-30,-0.017794678490104437,0.12480683700184547
2017-08-06,0.19115169303200122,0.1509743347371427
2017-08-13,-1.4440643651571636,2.2289243010238593
2017-08-20,-0.6480581706045124,3.475415022172741
2017-08-27,0.7188955764351247,1.182706028475184
2017-09-03,1.361920365041565,0.5861457700741981
2017-09-10,-0.612402824731221,0.6945841022706083
2017-09-17,1.5640265735444043,1.326991221971495
2017-09-24,0.07956062964223395,0.13475249826018496
2017-10-01,0.6826617525465801,0.36700692170849003
2017-10-08,1.1825666541539885,0.5401389379391129
2017-10-15,0.15050835766229875,0.15510085859051648
2017-10-22,0.8595375249110164,0.3021877305622706
2017-10-29,0.227299910463036,1.0656746956382968
2017-11-05,0.2619516763823575,0.23244779913353714
2017-11-12,-0.21430913036689192,0.1874263800797499
2017-11-19,-0.1336892587037492,1.1055862826833045
2017-11-26,0.9098150343445229,0.48915758016023914
2017-12-03,1.5177710454205453,1.6698385846496362
2017-12-10,0.35060557998554154,0.5388353927157932
2017-12-17,0.9126642553015242,1.0930060800783865
2017-12-24,0.28101598374511644,0.4390567275549386
2017-12-31,-0.36326606796450517,0.32108902772765624
2018-01-07,2.56772002062465,1.743549561683285
2018-01-14,1.5586153641050768,1.0007062893019316
2018-01-21,0.8598243434415949,1.2204493395734102
2018-01-28,2.202031430812057,2.0851676200850684
2018-02-04,-3.9309492100227468,6.259088665690594
2018-02-11,-5.299951285947433,37.5845857537116
2018-02-18,4.21118888940578,5.190769254257717
2018-02-25,0.5504174140550631,3.184981976893943
2018-03-04,-2.061285927417412,6.3018293405366315
2018-03-11,3.4805703666899217,4.442436941549865
2018-03-18,-1.2479916029366713,0.7884684576114432
2018-03-25,-6.134571828988898,13.087492714632063
2018-04-01,2.012261365509426,12.172431486800896
2018-04-08,-1.3879264336721797,13.377651624526813
2018-04-15,1.9705007062396132,3.928504908094397
2018-04-22,0.5196669838797808,2.8486196777001314
2018-04-29,-0.008613420372622374,2.9382275816773245
2018-05-06,-0.24337491360253294,2.9350881494856065
2018-05-13,2.385510275293455,1.9473652160903066
2018-05-20,-0.5422119729510262,0.720184183647796
2018-05-27,0.307679515004846,0.8421699923609822
2018-06-03,0.4871769305937249,4.585511582271943
2018-06-10,1.6109427091006685,1.034980856534668
2018-06-17,0.022662995124231894,0.2757927392322079
2018-06-24,-0.8954744496251651,0.6769250690995714
2018-07-01,-1.334136286866676,3.0902762139889486
2018-07-08,1.513300589987777,1.789908537088678
2018-07-15,1.4921700849027408,2.1691754071669336
2018-07-22,0.018561717895848234,0.3803221981016858
2018-07-29,0.6045578905944977,1.6078167766124558
2018-08-05,0.7608936483701504,1.037495347891876
2018-08-12,-0.24922569362921365,0.735485058817129
2018-08-19,0.5929504696959538,1.8814155324007873
2018-08-26,0.858025580726206,0.5136356310483665
2018-09-02,0.9289922376467313,1.1051472478321045
2018-09-09,-1.033754378177792,0.28918893448575966
2018-09-16,1.1529298314460046,0.45487782581414504
2018-09-23,0.846326315757003,1.2256869729209057
2018-09-30,-0.5369924403918519,0.32578958744075953
2018-10-07,-0.9797359836994166,1.1189098722685185
2018-10-14,-4.191183814927132,17.499338991328422
2018-10-21,0.023492577031577207,6.977388900271948
2018-10-28,-4.0212067169601875,16.780452980288604
2018-11-04,2.3922771243904064,5.519121169590707
2018-11-11,2.105790509851289,6.022986221370031
2018-11-18,-1.6218488345966011,5.718200954858277
2018-11-25,-3.863890719339582,6.697062696820076
2018-12-02,4.733546468431696,8.350880593885995
2018-12-09,-4.71379504146602,17.59950778386117
2018-12-16,-1.2662098023152952,4.038589846364511
2018-12-23,-7.312227713336893,13.669231290502625
2018-12-30,2.8200479851076348,31.726193208933694
2019-01-06,1.84153861662644,18.41239851773331
2019-01-13,2.5086167494529077,1.7897015628705335
2019-01-20,2.8272388367691406,3.7517198979390294
2019-01-27,-0.22303390970260273,2.8148731005543297
2019-02-03,1.555338150231118,3.763474432591465
2019-02-10,0.0498615201103558,1.6147197169217204
2019-02-17,2.470097758162689,2.9778292755346465
2019-02-24,0.6131124256201961,0.5871540455525115
2019-03-03,0.3938286330375925,0.5766286321707729
2019-03-10,-2.1858629758871864,1.3036405450764539
2019-03-17,2.853816812514843,2.9411973923828056
2019-03-24,-0.7742981661372301,5.058899744945115
2019-03-31,1.195729759661152,1.3148359168305432
2019-04-07,2.037390635908523,1.6264035828091474
2019-04-14,0.5058473799242472,0.9358643313372359
2019-04-21,-0.08188929157063318,0.08327269699747591
2019-04-28,1.192499697192403,1.0530464883522537
2019-05-05,0.19573501829686735,1.5528870513909419
2019-05-12,-2.2049821259407665,3.228124305863464
2019-05-19,-0.7618967345103074,8.069944803709776
2019-05-26,-1.177374971535884,2.7092048378574076
2019-06-02,-2.6533792742947533,2.9968883060838154
2019-06-09,4.312540332884797,6.699068533669565
2019-06-16,0.47358195062740216,0.4521907912977955
2019-06-23,2.175011087449252,1.9373777339667055
2019-06-30,-0.2953032146588106,1.4309398894529095
2019-07-07,1.6402427344078114,1.2864870756552467
2019-07-14,0.7781320865427797,0.7173535202140529
2019-07-21,-1.2406688048744985,1.0576756131796747
2019-07-28,1.6410278926185966,1.5844082052846584
2019-08-04,-3.1493530361612887,2.6422047687274954
2019-08-11,-0.4580706591461312,14.713165256506151
2019-08-18,-1.0321520432723919,14.742587675672251
2019-08-25,-1.4495144272481417,9.667541972862916
2019-09-01,2.7489005661775336,3.315337972348519
2019-09-08,1.7696819671872557,3.3212446126220265
2019-09-15,0.9582249474685554,0.6079645554793967
2019-09-22,-0.5107078842577725,0.40713424302391343
2019-09-29,-1.0171649928156858,1.4346984530045273
2019-10-06,-0.3307530904682223,7.661719022373713
2019-10-13,0.6166566774626137,5.075140111516113
2019-10-20,0.5348795410051899,1.2710450156386968
2019-10-27,1.209920236261504,0.8796151171985147
2019-11-03,1.4569649285602668,1.4385341712949946
2019-11-10,0.8496872075177881,0.2954376665316168
2019-11-17,0.8813030850472076,0.6627711498665897
2019-11-24,-0.32644323416375276,0.21995663578459368
2019-12-01,0.9818864927718126,0.9425719066814036
2019-12-08,0.15683216138175238,2.441900016930865
2019-12-15,0.7249814201662016,0.9258671735250484
2019-12-22,1.6407177956679324,0.9515484612039022
2019-12-29,0.5819347961542292,0.26952781313487906
2020-01-05,-0.1596919437797032,1.6208219467232357
2020-01-12,0.9384395224720441,0.9641262758398926
2020-01-19,1.9491234122442662,1.3839552234973427
2020-01-26,-1.0309429305739857,0.909417136647888
2020-02-02,-2.1454605641228044,6.811565318606949
2020-02-09,3.119018438525515,4.388640586384799
2020-02-16,1.5638651650275146,1.0368413485705177
2020-02-23,-1.2626092362680095,1.5701106366944455
2020-03-01,-12.206228058123822,42.3035647371255
2020-03-08,0.6125007114764471,60.34386403533665
2020-03-15,-9.203469877635534,289.5354316784028
2020-03-22,-16.22790202521717,245.0499509280831
2020-03-29,9.769670746182896,138.98422807638102
2020-04-05,-2.1002286720211893,41.27738969385297
2020-04-12,11.423674659145192,59.50678316678416
2020-04-19,2.9922537316123075,22.390460653551507
2020-04-26,-1.3244137362898072,20.015146742717466
2020-05-03,-0.2127952297505371,18.249938511605137
2020-05-10,3.440662819770367,5.588069626305559
2020-05-17,-2.281970002174236,8.860826117156462
2020-05-24,3.153642904874852,14.121702098604867
2020-05-31,2.9623386739163267,3.9332176181306897
2020-06-07,4.797781831135388,9.455218761296013
2020-06-14,-4.896374914017525,40.922309305216935
2020-06-21,1.8384447290384403,4.6685358754118695
2020-06-28,-2.9048379654133125,14.668719712667764
2020-07-05,3.9411772001976617,4.9202535458231065
2020-07-12,1.7428657524198372,5.678301473028857
2020-07-19,1.2384359676668446,3.6730888130562205
2020-07-26,-0.28259612523487154,2.9797138344638334
2020-08-02,1.7109211233300068,3.2153642634419253
2020-08-09,2.4209901416631623,1.4672736427367425
2020-08-16,0.6415742093192449,2.689413108157401
2020-08-23,0.7181649333376885,0.5384742540847086
2020-08-30,3.2109165336664516,2.6347903022571475
2020-09-06,-2.337536850739327,16.38858149497567
2020-09-13,-2.541238419159464,15.051858783495412
2020-09-20,-0.6456052413010149,4.066740942425748
2020-09-27,-0.6349441764478152,10.814179522584602
2020-10-04,1.503288841571423,4.667550545040495
2020-10-11,3.7721516461241458,9.530980792132631
2020-10-18,0.19164533875189252,3.516644660142984
2020-10-25,-0.5301389882631007,3.370875461366299
2020-11-01,-5.804740894960776,19.41914633182339
2020-11-08,7.067872342108866,13.08265792247893
2020-11-15,2.134382304769261,4.786959523177285
2020-11-22,-0.7730981191482038,3.5443899680463464
2020-11-29,2.2461003266273196,2.9687148363392026
2020-12-06,1.656467618811785,2.278266731998537
2020-12-13,-0.9686939829269046,0.7845223064136235
2020-12-20,1.246476525422933,2.3238227016658946
2020-12-27,-0.17132899273742042,0.3264466756841483
2021-01-03,1.4213695517915812,1.2338713121185247
2021-01-10,1.8101569555078671,5.504005095439601
2021-01-17,-1.4864083066347251,1.1479980449753588
2021-01-24,1.924439551064836,2.663869264477714
2021-01-31,-3.368101965026799,11.665525692280234
2021-02-07,4.541985691601983,5.767699393128694
2021-02-14,1.227376327292661,0.8055737868937174
2021-02-21,-0.7172121187240645,0.2346004177094452
2021-02-28,-2.476462232916901,8.26139131104229
2021-03-07,0.8046476865702321,13.469177288242438
2021-03-14,2.6050670119081794,3.7056026861003515
2021-03-21,-0.7698178528726424,2.741048982852299
2021-03-28,1.557910427010576,4.371242423569059
2021-04-04,1.1340564984057244,1.6203225984452638
2021-04-11,2.6737167595832836,2.854930429030942
2021-04-18,1.363229427323033,1.623405792109621
2021-04-25,-0.1267157944005879,3.644699135798497
2021-05-02,0.023919611532492335,1.0149943258413836
2021-05-09,1.222539152459686,1.730279903463785
2021-05-16,-1.3977589861504296,10.217595274225726
2021-05-23,-0.43195411201174133,1.9912662705363982
2021-05-30,1.1543232173748263,1.0725824917505493
2021-06-06,0.611343460523813,0.9290589670494487
2021-06-13,0.41404143986752917,0.29330612537308837
2021-06-20,-1.9252033547123006,2.1128472733535095
2021-06-27,2.705219208326534,2.652862815884918
2021-07-04,1.659700235301317,0.9014115444382669
2021-07-11,0.3946388676498527,2.150369934074061
2021-07-18,-0.9748510489661336,0.9357953633294427
2021-07-25,1.9369037862457357,6.556898427240711
2021-08-01,-0.37538774539896413,0.7501005751560337
2021-08-08,0.9343655546510237,1.3036112852207602
2021-08-15,0.7070591463325504,0.2319488318681471
2021-08-22,-0.5910466943499283,2.4116915611015335
2021-08-29,1.5127065902474697,1.9021739100478325
2021-09-05,0.5762455745157642,0.28556652782295694
2021-09-12,-1.7089588702415635,0.9472191671191149
2021-09-19,-0.5755994386372367,1.957704824572061
2021-09-26,0.5060442020591518,5.312435852094073
2021-10-03,-2.2341858155478667,7.075923932243701
2021-10-10,0.7841447422226598,3.6918839155617484
2021-10-17,1.8060491462238806,4.039278548874785
2021-10-24,1.6310828128295933,0.890869406057124
2021-10-31,1.3219456157893674,1.508583852762216
2021-11-07,1.9811633067282655,0.8950755799626737
2021-11-14,-0.31298731324393325,1.3339268501018329
2021-11-21,0.32214438313975735,0.35045763803257324
2021-11-28,-2.2242284316419405,5.466483925201458
2021-12-05,-1.2304903308663144,9.50352646427124
2021-12-12,3.753551896821056,7.0783797896281
2021-12-19,-1.9583441740692737,5.874934335875684
2021-12-26,2.250149777631812,5.827924642637893
2022-01-02,0.8510431361197421,2.077633698041138
2022-01-09,-1.8881935208833447,4.416726866827433
2022-01-16,-0.3036377035282422,2.996205122879992
2022-01-23,-5.849063396843485,9.270846091885282
2022-01-30,0.7680889990283362,7.677184071646218
2022-02-06,1.5377993739368936,11.210165515067962
2022-02-13,-1.836313250507191,9.924874982090575
2022-02-20,-1.591591919008333,7.70014667914387
2022-02-27,0.8193714620185335,11.5925814670683
2022-03-06,-1.2803217756334542,6.815573533964351
2022-03-13,-2.9196361521458822,17.829887532247508
2022-03-20,5.973789575759348,12.792766012705192
2022-03-27,1.7752707433133232,5.074025777328629
2022-04-03,0.06160918569261459,4.9943444653844065
2022-04-10,-1.2747391577866578,3.4488913521021582
2022-04-17,-2.1550512229754593,5.742260318601509
2022-04-24,-2.7888442857880467,12.66509249894694
2022-05-01,-3.3285899203383322,28.153476051446102
2022-05-08,-0.20811760515478805,22.71274979929626
2022-05-15,-2.441440691213573,18.99981970750393
2022-05-22,-3.0923831912866193,21.488745158584884
2022-05-29,6.376672636097714,14.779677886122549
2022-06-05,-1.2024220429094346,7.012449296389526
2022-06-12,-5.187067457796447,16.703424011068133
2022-06-19,-5.968745096582237,28.848572463653536
2022-06-26,6.24726670807721,15.828364601031721
2022-07-03,-2.2337526809736743,6.110621367965162
2022-07-10,1.9172777596062711,2.365505411367101
2022-07-17,-0.93320574239666,6.113793379833872
2022-07-24,2.517004849464287,10.320608315843796
2022-07-31,4.169210472633794,11.476830175001304
2022-08-07,0.3600979877800108,2.967209509793295
2022-08-14,3.203942113165094,7.58932914404418
2022-08-21,-1.2145447092121067,2.4569553883013735
2022-08-28,-4.123615468314034,18.516039373650674
2022-09-04,-3.3428630201124356,3.5477347584504777
2022-09-11,3.581636583692824,6.202828211698616
2022-09-18,-4.8879544412946405,22.573637319114496
2022-09-25,-4.761321370818575,8.470659720565966
2022-10-02,-2.9569974033259676,11.78478475716672
2022-10-09,1.4958811945918629,24.77441767496147
2022-10-16,-1.5670252633040134,13.40783679822846
2022-10-23,4.62689106466455,14.705146062255373
2022-10-30,3.875942153966845,10.839471447284097
2022-11-06,-3.4027433734570947,10.102051461214618
2022-11-13,5.730438776538273,35.59057549951418
2022-11-20,-0.6933656238193657,2.5660245193268882
2022-11-27,1.5211538249088608,2.319422075771454
2022-12-04,1.1257428532237712,11.759279338316539
2022-12-11,-3.4307311357619916,6.504358216105111
2022-12-18,-2.1067303916566464,10.530129326955361
2022-12-25,-0.19591698003893188,5.469060113299542
2023-01-01,-0.13846558087245964,4.68847998039557
